Company name,Company Domain Name
Natra,natra.com
Ventura Foods,venturafoods.com
Foster Farms,fosterfarms.com
Johnsonville Sausage,johnsonville.com
American Crystal Sugar Company,crystalsugar.com
"California Dairies, Inc.",californiadairies.com
Cavendish Farms,cavendishfarms.com
AdvancePierre Foods,advancepierre.com
Seneca Foods Corporation,senecafoods.com
The Beer Store,thebeerstore.ca
Dawn Food Products,dawnfoods.com
Ardent Mills,ardentmills.com
cbc,cbc.co
Bay Valley Foods,bayvalleyfoods.com
Calavo Growers,calavo.com
The Coca-Cola Company,coca-colacompany.com
GRUMA,gruma.com
In-N-Out Burger,in-n-out.com
JBS,jbs.com.br
Kerry,kerry.com
Labatt Breweries of Canada,labatt.com
Wells Enterprises,wellsenterprisesinc.com
Saputo Inc.,saputo.com
HyLife,hylife.com
Rich Products Corp,richs.com
Ben & Jerry's,benjerry.com
Grupo Lala,lala.com.mx
Hostess Brands,hostessbrands.com
Ingredion Incorporated,ingredion.com
Golden State Foods,goldenstatefoods.com
TreeHouse Foods,treehousefoods.com
Red Bull,redbull.com
Smithfield Foods,smithfieldfoods.com
West Liberty Foods,wlfoods.com
Agropur,agropur.com
JR Simplot Co Food Group,simplot.com
Anheuser-Busch,anheuser-busch.com
Fresh Mark Inc.,freshmark.com
Grupo Bimbo,grupobimbo.com
Ferrero,ferrero.com
Ocean Spray Cranberries,oceanspray.com
Conagra Brands,conagrabrands.com
Flowers Foods & Subsidiaries,flowersfoods.com
"Land O'Lakes, Inc.",landolakesinc.com
Tyson Foods,tysonfoods.com
Bunge,bunge.com
National Beef Packing Company LLC,nationalbeef.com
Starbucks,starbucks.com
OSI Group,osigroup.com
Lactalis Group,lactalis.fr
Great Lakes Cheese,greatlakescheese.com
The Kraft Heinz Company,kraftheinzcompany.com
General Mills,generalmills.com
Mars,mars.com
Boar's Head Brand,boarshead.com
McCain Foods,mccain.com
The Boston Beer Company,bostonbeer.com
HP Hood LLC,hood.com
Maple Leaf Foods Inc,mapleleaffoods.com
Blommer Chocolate Company,blommer.com
Danone,danone.com
Sargento Foods Inc.,sargento.com
"Prairie Farms Dairy, Inc.",prairiefarms.com
PepsiCo,pepsico.com
Pilgrim's and JBS USA,pilgrims.com
Cargill,cargill.com
Mondelēz International,mondelezinternational.com
KENT® Corporation,kentww.com
Perdue Farms,perduefarms.com
"Utz Brands, Inc.",utzsnacks.com
McCormick & Company,mccormickcorporation.com
ADM,adm.com
The Hershey Company,thehersheycompany.com
Campbell Soup,campbellsoupcompany.com
Monster Energy,monsterenergy.com
Ferrara,ferrarausa.com
Sabra Dipping Company,sabra.com
Royal Canin,royalcanin.com
SunOpta,sunopta.com
Trident Seafoods,tridentseafoods.com
Beam Suntory,beamsuntory.com
Blue Diamond Growers,bluediamond.com
ASR Group,asr-group.com
Anheuser-Busch InBev,ab-inbev.com
HelloFresh,hellofresh.com
Town & Country Markets Inc,townandcountrymarkets.com
Hormel Foods Corporation,hormelfoods.com
"Post Holdings, Inc.",postholdings.com
Stonyfield,stonyfield.com
Florida's Natural Growers,floridasnatural.com
"Tree Top, Inc.",treetop.com
Mission Foods,missionfoods.com
Sierra Nevada Brewing Co.,sierranevada.com
Gay Lea Foods,gaylea.com
Barry Callebaut Group,barry-callebaut.com
Tillamook County Creamery Association,tillamook.com
Amy's Kitchen,amys.com
Taylor Farms,taylorfarms.com
PCC Community Markets,pccmarkets.com
Bush Brothers & Company,bushbeans.com
PECO FOODS INC,pecofoods.com
Omaha Steaks,omahasteaks.com
Premium Waters Inc.,premiumwaters.com
Parkhurst Dining,parkhurstdining.com
Cooke Inc.,cookeseafood.com
American Seafoods,americanseafoods.com
Levy Restaurants,levyrestaurants.com
Champion Petfoods,championpetfoods.com
New Belgium Brewing,newbelgium.com
"Hilmar Cheese Company, Inc.",hilmarcheese.com
Imperfect Foods,imperfectfoods.com
"Masters Gallery Foods, Inc.",mastersgalleryfoods.com
House of Raeford,houseofraeford.com
Hearthside Food Solutions,hearthsidefoods.com
Schuman Cheese,schumancheese.com
Maple Leaf Farms,mapleleaffarms.com
FreshDirect,freshdirect.com
Give and Go Prepared Foods,giveandgo.com
Skjodt-Barrett Foods Inc,skjodt-barrett.com
FGF Brands,fgfbrands.com
Riverside Natural Foods Ltd. (Home of MadeGood and GOODTO GO),riversidenaturalfoods.com
Nature's Path Foods,naturespath.com
George's,georgesinc.com
Burke Corporation,burkecorp.com
Ag Processing Inc,agp.com
Driscoll's,driscolls.com
Oatly,oatly.com
King's Hawaiian,kingshawaiian.com
Equator Coffees,equatorcoffees.com
Acme Smoked Fish Corp,acmesmokedfish.com
Vermont Creamery,vermontcreamery.com
ButcherBox,butcherbox.com
Vita Coco,vitacoco.com
Aurora Organic Dairy,auroraorganic.com
Milk Specialties Global,milkspecialties.com
Guayakí Yerba Mate,guayaki.com
JonnyPops,jonnypops.com
So Good Brand,sogoodsoyou.com
Tony's Chocolonely,tonyschocolonely.com
KeHE Distributors,kehe.com
The FruitGuys,fruitguys.com
Bimbo Bakeries USA,bimbobakeriesusa.com
Wild Idea Buffalo,wildideabuffalo.com
Bimbo Canada,bimbocanada.com
Nestlé,nestle.nl
Lopezdorada,lopezdorada.com
Thomas Foods International Pty,thomasfoods.com
Jbsfoodsgroup,jbsfoodsgroup.com